ticker,model,current_price,predicted_price,predicted_change,predicted_change_pct,predicted_direction,confidence,prediction_date,target_date
ADANIENT.NS,baseline,3002.300048828125,3101.948690640027,99.64864181190205,3.319076714227731,1,0.5,2026-07-28,2026-07-29
ADANIENT.NS,mslstm,3002.300048828125,3084.343627910828,82.04357908270322,2.732690861951892,1,0.5,2026-07-28,2026-07-29
ADANIENT.NS,mslstma,3002.300048828125,3117.069118137959,114.76906930983387,3.8227048410644837,1,0.5,2026-07-28,2026-07-29
ADANIENT.NS,ensemble,3002.300048828125,3042.766890889838,40.46684206171312,1.3478613530818917,1,0.5277921452636181,2026-07-28,2026-07-29
ADANIGREEN.NS,baseline,1377.800048828125,1524.141797081207,146.34174825308196,10.621406812806523,1,0.5,2026-07-28,2026-07-29
ADANIGREEN.NS,mslstm,1377.800048828125,1508.5017003988576,130.70165157073257,9.486256854316387,1,0.5,2026-07-28,2026-07-29
ADANIGREEN.NS,mslstma,1377.800048828125,1492.6264598055675,114.82641097744249,8.33404027493736,1,0.5,2026-07-28,2026-07-29
ADANIGREEN.NS,ensemble,1377.800048828125,1350.026252500995,-27.773796327129958,-2.0158074715378893,0,0.560050449278571,2026-07-28,2026-07-29
ADANIPORTS.NS,baseline,1774.699951171875,1840.3912699228167,65.69131875094172,3.7015450813284945,1,0.5,2026-07-28,2026-07-29
ADANIPORTS.NS,mslstm,1774.699951171875,1780.918363447774,6.218412275899027,0.3503923168416634,1,0.5,2026-07-28,2026-07-29
ADANIPORTS.NS,mslstma,1774.699951171875,1767.1359529804395,-7.56399819143553,-0.42621279086871855,0,0.5,2026-07-28,2026-07-29
ADANIPORTS.NS,ensemble,1774.699951171875,1767.4105963958664,-7.289354776008622,-0.4107373063934161,0,0.2481964919659887,2026-07-28,2026-07-29
APOLLOHOSP.NS,baseline,8903.0,8583.234976912616,-319.7650230873842,-3.5916547578050517,0,0.5,2026-07-28,2026-07-29
APOLLOHOSP.NS,mslstm,8903.0,8626.920654082904,-276.07934591709636,-3.1009698519274043,0,0.5,2026-07-28,2026-07-29
APOLLOHOSP.NS,mslstma,8903.0,8365.072477704496,-537.9275222955039,-6.042092803498866,0,0.5,2026-07-28,2026-07-29
APOLLOHOSP.NS,ensemble,8903.0,8983.365027092284,80.36502709228444,0.9026735605108804,1,0.47361047722379457,2026-07-28,2026-07-29
AXISBANK.NS,baseline,1223.5,1223.2215621969008,-0.27843780309922295,-0.02275748288510515,0,0.5,2026-07-28,2026-07-29
AXISBANK.NS,mslstm,1223.5,1225.841135341885,2.341135341885092,0.19134739206252416,1,0.5,2026-07-28,2026-07-29
AXISBANK.NS,mslstma,1223.5,1238.9281060686262,15.42810606862622,1.2609812888129346,1,0.5,2026-07-28,2026-07-29
AXISBANK.NS,ensemble,1223.5,1212.9882716598725,-10.511728340127547,-0.8591522958829256,0,0.22543259745989797,2026-07-28,2026-07-29
BAJAJ-AUTO.NS,baseline,11374.0,10388.926385001714,-985.0736149982858,-8.660749208706575,0,0.5,2026-07-28,2026-07-29
BAJAJ-AUTO.NS,mslstm,11374.0,10736.404695189149,-637.5953048108513,-5.605726259986388,0,0.5,2026-07-28,2026-07-29
BAJAJ-AUTO.NS,mslstma,11374.0,10615.778549180888,-758.2214508191119,-6.666269129761837,0,0.5,2026-07-28,2026-07-29
BAJAJ-AUTO.NS,ensemble,11374.0,11152.0057845264,-221.99421547359998,-1.9517690827641987,0,0.42237866499446863,2026-07-28,2026-07-29
BRITANNIA.NS,baseline,5478.5,5392.880076937727,-85.6199230622733,-1.5628351384918027,0,0.5,2026-07-28,2026-07-29
BRITANNIA.NS,mslstm,5478.5,5384.3431827826425,-94.15681721735746,-1.7186605314841175,0,0.5,2026-07-28,2026-07-29
BRITANNIA.NS,mslstma,5478.5,5446.804056784138,-31.695943215861917,-0.5785514870103481,0,0.5,2026-07-28,2026-07-29
BRITANNIA.NS,ensemble,5478.5,5450.426042173148,-28.073957826852165,-0.5124387665757402,0,0.2683845925411663,2026-07-28,2026-07-29
CIPLA.NS,baseline,1444.5999755859375,1448.6983543792521,4.098378793314623,0.28370336858494216,1,0.5,2026-07-28,2026-07-29
CIPLA.NS,mslstm,1444.5999755859375,1434.3213972528902,-10.278578333047335,-0.7115172716847251,0,0.5,2026-07-28,2026-07-29
CIPLA.NS,mslstma,1444.5999755859375,1470.89819894205,26.29822335611243,1.820450214630931,1,0.5,2026-07-28,2026-07-29
CIPLA.NS,ensemble,1444.5999755859375,1444.0487090779532,-0.5512665079843373,-0.03816049545208866,0,0.01788891750170174,2026-07-28,2026-07-29
COALINDIA.NS,baseline,410.1499938964844,398.40536499162226,-11.744628904862111,-2.863496057451187,0,0.5,2026-07-28,2026-07-29
COALINDIA.NS,mslstm,410.1499938964844,410.43915392869803,0.28916003221365827,0.07050104510952782,1,0.5,2026-07-28,2026-07-29
COALINDIA.NS,mslstma,410.1499938964844,414.71532548343475,4.5653315869503786,1.1130882981562618,1,0.5,2026-07-28,2026-07-29
COALINDIA.NS,ensemble,410.1499938964844,413.2187045923596,3.068710695875211,0.7481923056299467,1,0.34386842623393354,2026-07-28,2026-07-29
DABUR.NS,baseline,424.6000061035156,457.47833201419235,32.87832591067672,7.743364446080836,1,0.5,2026-07-28,2026-07-29
DABUR.NS,mslstm,424.6000061035156,431.855245430429,7.255239326913397,1.7087233213898267,1,0.5,2026-07-28,2026-07-29
DABUR.NS,mslstma,424.6000061035156,441.23145996908715,16.63145386557153,3.916969766014766,1,0.5,2026-07-28,2026-07-29
DABUR.NS,ensemble,424.6000061035156,426.62358910672214,2.023583003206511,0.4765857216481484,1,0.2350203393663357,2026-07-28,2026-07-29
DIVISLAB.NS,baseline,7425.0,7060.868434069125,-364.1315659308748,-4.904128834085853,0,0.5,2026-07-28,2026-07-29
DIVISLAB.NS,mslstm,7425.0,7038.864572692371,-386.13542730762856,-5.200477135456271,0,0.5,2026-07-28,2026-07-29
DIVISLAB.NS,mslstma,7425.0,7224.197206505167,-200.80279349483317,-2.7044147272031416,0,0.5,2026-07-28,2026-07-29
DIVISLAB.NS,ensemble,7425.0,7276.907157291532,-148.0928427084682,-1.9945164001140547,0,0.4674186275111152,2026-07-28,2026-07-29
DRREDDY.NS,baseline,1135.5999755859375,1212.0221345334503,76.4221589475128,6.7296724718650225,1,0.5,2026-07-28,2026-07-29
DRREDDY.NS,mslstm,1135.5999755859375,1188.6685148133765,53.06853922743903,4.6731719239477165,1,0.5,2026-07-28,2026-07-29
DRREDDY.NS,mslstma,1135.5999755859375,1179.810628258103,44.21065267216545,3.8931537180910913,1,0.5,2026-07-28,2026-07-29
DRREDDY.NS,ensemble,1135.5999755859375,1162.3123569628553,26.712381376917847,2.352270337372553,1,0.4274399002628064,2026-07-28,2026-07-29
GRASIM.NS,baseline,3116.199951171875,3039.1129078811136,-77.08704329076136,-2.4737515082038364,0,0.5,2026-07-28,2026-07-29
GRASIM.NS,mslstm,3116.199951171875,3018.0671630579454,-98.13278811392956,-3.1491171828375686,0,0.5,2026-07-28,2026-07-29
GRASIM.NS,mslstma,3116.199951171875,3080.6287538500837,-35.57119732179126,-1.1414927757897653,0,0.5,2026-07-28,2026-07-29
GRASIM.NS,ensemble,3116.199951171875,3119.500013166185,3.300061994309999,0.10590020043703685,1,0.08918782346807963,2026-07-28,2026-07-29
HCLTECH.NS,baseline,1318.5999755859375,1247.3803526646134,-71.21962292132412,-5.401154576062894,0,0.5,2026-07-28,2026-07-29
HCLTECH.NS,mslstm,1318.5999755859375,1241.8488427929296,-76.75113279300786,-5.8206532848525505,0,0.5,2026-07-28,2026-07-29
HCLTECH.NS,mslstma,1318.5999755859375,1233.8072226298773,-84.79275295606021,-6.430513766571355,0,0.5,2026-07-28,2026-07-29
HCLTECH.NS,ensemble,1318.5999755859375,1313.05114530463,-5.548830281307573,-0.4208122542124215,0,0.06904304706102149,2026-07-28,2026-07-29
HDFCBANK.NS,baseline,735.4000244140625,781.0594621991477,45.659437785085174,6.208789266965931,1,0.5,2026-07-28,2026-07-29
HDFCBANK.NS,mslstm,735.4000244140625,740.0387079363281,4.638683522265637,0.6307701071891492,1,0.5,2026-07-28,2026-07-29
HDFCBANK.NS,mslstma,735.4000244140625,746.9766462722837,11.576621858221188,1.5741938365374741,1,0.5,2026-07-28,2026-07-29
HDFCBANK.NS,ensemble,735.4000244140625,745.7588689989437,10.35884458488124,1.4085999783770342,1,0.4161382490523762,2026-07-28,2026-07-29
HEROMOTOCO.NS,baseline,5154.2998046875,4875.608473247528,-278.6913314399717,-5.406967813290953,0,0.5,2026-07-28,2026-07-29
HEROMOTOCO.NS,mslstm,5154.2998046875,5070.127793404798,-84.17201128270244,-1.6330445350919098,0,0.5,2026-07-28,2026-07-29
HEROMOTOCO.NS,mslstma,5154.2998046875,5007.485141121404,-146.814663566096,-2.8483920053035683,0,0.5,2026-07-28,2026-07-29
HEROMOTOCO.NS,ensemble,5154.2998046875,5148.304199153513,-5.9956055339871455,-0.11632240578117736,0,0.05516593762796096,2026-07-28,2026-07-29
HINDALCO.NS,baseline,936.4000244140625,755.2820548352356,-181.1179695788269,-19.34194413249386,0,0.5,2026-07-28,2026-07-29
HINDALCO.NS,mslstm,936.4000244140625,859.0396528686615,-77.360371545401,-8.261466203379053,0,0.5,2026-07-28,2026-07-29
HINDALCO.NS,mslstma,936.4000244140625,837.9868323069641,-98.41319210709844,-10.509738310683936,0,0.5,2026-07-28,2026-07-29
HINDALCO.NS,ensemble,936.4000244140625,940.9425400118384,4.542515597775946,0.4851041733599182,1,0.23158425615707845,2026-07-28,2026-07-29
HINDUNILVR.NS,baseline,2022.699951171875,2196.4838609142535,173.78390974237846,8.591680127430411,1,0.5,2026-07-28,2026-07-29
HINDUNILVR.NS,mslstm,2022.699951171875,2176.5318127637584,153.83186159188335,7.60527341204309,1,0.5,2026-07-28,2026-07-29
HINDUNILVR.NS,mslstma,2022.699951171875,2171.29124820757,148.59129703569488,7.346185822054663,1,0.5,2026-07-28,2026-07-29
HINDUNILVR.NS,ensemble,2022.699951171875,2030.3481334278267,7.648182255951724,0.3781174885341132,1,0.21652161873105902,2026-07-28,2026-07-29
ICICIBANK.NS,baseline,1430.800048828125,1391.8891653936334,-38.91088343449155,-2.7195192973582083,0,0.5,2026-07-28,2026-07-29
ICICIBANK.NS,mslstm,1430.800048828125,1403.217152949066,-27.582895879058924,-1.9277952849980906,0,0.5,2026-07-28,2026-07-29
ICICIBANK.NS,mslstma,1430.800048828125,1417.0889363566857,-13.711112471439264,-0.9582829188934605,0,0.5,2026-07-28,2026-07-29
ICICIBANK.NS,ensemble,1430.800048828125,1428.9311874648865,-1.8688613632384659,-0.13061652917674138,0,0.051737334033167715,2026-07-28,2026-07-29
INFY.NS,baseline,1105.699951171875,1080.8921524306802,-24.8077987411948,-2.2436284558846387,0,0.5,2026-07-28,2026-07-29
INFY.NS,mslstm,1105.699951171875,1076.5571680657745,-29.142783106100524,-2.635686388085079,0,0.5,2026-07-28,2026-07-29
INFY.NS,mslstma,1105.699951171875,1067.3426942736614,-38.35725689821356,-3.4690475347819882,0,0.5,2026-07-28,2026-07-29
INFY.NS,ensemble,1105.699951171875,1105.6975964827054,-0.0023546891695787053,-0.0002129591456623281,0,6.610987484712005e-05,2026-07-28,2026-07-29
ITC.NS,baseline,284.6499938964844,329.2501182068081,44.600124310323736,15.668408665606016,1,0.5,2026-07-28,2026-07-29
ITC.NS,mslstm,284.6499938964844,302.0770345099145,17.42704061343011,6.122269800493174,1,0.5,2026-07-28,2026-07-29
ITC.NS,mslstma,284.6499938964844,311.70297484314233,27.052980946657954,9.50394573220894,1,0.5,2026-07-28,2026-07-29
ITC.NS,ensemble,284.6499938964844,285.29545975821907,0.6454658617346922,0.2267577289917,1,0.13127529461656517,2026-07-28,2026-07-29
JSWSTEEL.NS,baseline,1246.9000244140625,1188.695976324565,-58.20404808949752,-4.667900148357806,0,0.5,2026-07-28,2026-07-29
JSWSTEEL.NS,mslstm,1246.9000244140625,1194.9252509107719,-51.974773503290635,-4.168319230542517,0,0.5,2026-07-28,2026-07-29
JSWSTEEL.NS,mslstma,1246.9000244140625,1178.277458416902,-68.62256599716056,-5.503453737552643,0,0.5,2026-07-28,2026-07-29
JSWSTEEL.NS,ensemble,1246.9000244140625,1249.2088243461749,2.308799932112379,0.1851631956778066,1,0.11062148480066725,2026-07-28,2026-07-29
KOTAKBANK.NS,baseline,385.29998779296875,374.6071067410394,-10.692881051929362,-2.7752092890474978,0,0.5,2026-07-28,2026-07-29
KOTAKBANK.NS,mslstm,385.29998779296875,386.13067113865145,0.8306833456827007,0.21559391954328877,1,0.5,2026-07-28,2026-07-29
KOTAKBANK.NS,mslstma,385.29998779296875,388.57107156190796,3.2710837689392065,0.8489706391314078,1,0.5,2026-07-28,2026-07-29
KOTAKBANK.NS,ensemble,385.29998779296875,384.20670967705263,-1.093278115916121,-0.2837472490405446,0,0.10191765149533505,2026-07-28,2026-07-29
LT.NS,baseline,3832.0,3768.7425163658627,-63.257483634137316,-1.6507694059012867,0,0.5,2026-07-28,2026-07-29
LT.NS,mslstm,3832.0,3784.954823217675,-47.04517678232514,-1.22769250475796,0,0.5,2026-07-28,2026-07-29
LT.NS,mslstma,3832.0,3852.0866914939397,20.086691493939725,0.524182972180065,1,0.5,2026-07-28,2026-07-29
LT.NS,ensemble,3832.0,3868.9585890908493,36.95858909084927,0.964472575439701,1,0.23465996472976358,2026-07-28,2026-07-29
M&M.NS,baseline,3271.199951171875,3161.788796980196,-109.41115419167909,-3.3446795006365715,0,0.5,2026-07-28,2026-07-29
M&M.NS,mslstm,3271.199951171875,3130.5916107750963,-140.60834039677866,-4.298371927598222,0,0.5,2026-07-28,2026-07-29
M&M.NS,mslstma,3271.199951171875,3096.4906085106777,-174.7093426611973,-5.340833494406527,0,0.5,2026-07-28,2026-07-29
M&M.NS,ensemble,3271.199951171875,3244.9129878246795,-26.286963347195524,-0.8035877885660403,0,0.38262734536230425,2026-07-28,2026-07-29
MARUTI.NS,baseline,13802.0,13061.735173368099,-740.2648266319011,-5.363460561019428,0,0.5,2026-07-28,2026-07-29
MARUTI.NS,mslstm,13802.0,13392.644714162336,-409.35528583766427,-2.965912808561544,0,0.5,2026-07-28,2026-07-29
MARUTI.NS,mslstma,13802.0,13469.886669173313,-332.11333082668716,-2.406269604598521,0,0.5,2026-07-28,2026-07-29
MARUTI.NS,ensemble,13802.0,13666.619997333319,-135.38000266668132,-0.980872356663387,0,0.3855515230952683,2026-07-28,2026-07-29
NESTLEIND.NS,baseline,1491.800048828125,1425.1007763547823,-66.69927247334272,-4.471059812991552,0,0.5,2026-07-28,2026-07-29
NESTLEIND.NS,mslstm,1491.800048828125,1451.7523894817277,-40.04765934639727,-2.684519240889993,0,0.5,2026-07-28,2026-07-29
NESTLEIND.NS,mslstma,1491.800048828125,1444.4534222071306,-47.34662662099436,-3.1737917328925724,0,0.5,2026-07-28,2026-07-29
NESTLEIND.NS,ensemble,1491.800048828125,1504.0857050785364,12.28565625041142,0.823545773447476,1,0.37919664675037823,2026-07-28,2026-07-29
NTPC.NS,baseline,343.75,342.194552764794,-1.5554472352059747,-0.45249374115082786,0,0.5,2026-07-28,2026-07-29
NTPC.NS,mslstm,343.75,341.9986605551585,-1.7513394448415056,-0.5094805657720691,0,0.5,2026-07-28,2026-07-29
NTPC.NS,mslstma,343.75,345.2743663286983,1.5243663286983065,0.44345202289404195,1,0.5,2026-07-28,2026-07-29
NTPC.NS,ensemble,343.75,346.52150009853284,2.77150009853284,0.8062545741186478,1,0.4152583770109297,2026-07-28,2026-07-29
ONGC.NS,baseline,238.91000366210938,248.96943899446345,10.05943533235407,4.210554258155352,1,0.5,2026-07-28,2026-07-29
ONGC.NS,mslstm,238.91000366210938,246.6260785138002,7.71607485169082,3.2296993568355026,1,0.5,2026-07-28,2026-07-29
ONGC.NS,mslstma,238.91000366210938,246.53398558127085,7.62398191916148,3.1911522340203335,1,0.5,2026-07-28,2026-07-29
ONGC.NS,ensemble,238.91000366210938,238.94794328381747,0.037939621708090954,0.015880298491710576,1,0.006770737197459908,2026-07-28,2026-07-29
POWERGRID.NS,baseline,285.29998779296875,291.1443946711943,5.844406878225527,2.048512838516703,1,0.5,2026-07-28,2026-07-29
POWERGRID.NS,mslstm,285.29998779296875,290.7623753042417,5.4623875112729365,1.9146118979986637,1,0.5,2026-07-28,2026-07-29
POWERGRID.NS,mslstma,285.29998779296875,290.96767815550993,5.66769036254118,1.9865722415151277,1,0.5,2026-07-28,2026-07-29
POWERGRID.NS,ensemble,285.29998779296875,284.6845249302126,-0.6154628627561465,-0.21572481215903494,0,0.1903516881116304,2026-07-28,2026-07-29
RELIANCE.NS,baseline,1267.699951171875,1277.4727366603402,9.77278548846516,0.7709068284992071,1,0.5,2026-07-28,2026-07-29
RELIANCE.NS,mslstm,1267.699951171875,1281.891923415711,14.191972243836062,1.1195056236072976,1,0.5,2026-07-28,2026-07-29
RELIANCE.NS,mslstma,1267.699951171875,1278.8499320918963,11.149980920021335,0.8795441626162637,1,0.5,2026-07-28,2026-07-29
RELIANCE.NS,ensemble,1267.699951171875,1260.36606683289,-7.333884338984944,-0.5785189415054792,0,0.4287733270197913,2026-07-28,2026-07-29
SBIN.NS,baseline,1013.2000122070312,915.5741324004339,-97.62587980659737,-9.635400575444242,0,0.5,2026-07-28,2026-07-29
SBIN.NS,mslstm,1013.2000122070312,904.6197942171129,-108.58021798991831,-10.716563036097915,0,0.5,2026-07-28,2026-07-29
SBIN.NS,mslstma,1013.2000122070312,975.0709973486082,-38.129014858423034,-3.7632268455432993,0,0.5,2026-07-28,2026-07-29
SBIN.NS,ensemble,1013.2000122070312,1010.5565308619616,-2.643481345069631,-0.26090419593574055,0,0.2239850868233183,2026-07-28,2026-07-29
SUNPHARMA.NS,baseline,1976.699951171875,1933.7811622305885,-42.91878894128649,-2.1712343806070455,0,0.5,2026-07-28,2026-07-29
SUNPHARMA.NS,mslstm,1976.699951171875,1935.6147448174302,-41.085206354444836,-2.0784745975274466,0,0.5,2026-07-28,2026-07-29
SUNPHARMA.NS,mslstma,1976.699951171875,1918.9670967581328,-57.73285441374219,-2.9206685809606836,0,0.5,2026-07-28,2026-07-29
SUNPHARMA.NS,ensemble,1976.699951171875,1964.44007930507,-12.259871866805042,-0.6202191617163177,0,0.2503503864567408,2026-07-28,2026-07-29
TATASTEEL.NS,baseline,182.6300048828125,172.73920384266148,-9.890801040151018,-5.415759062426573,0,0.5,2026-07-28,2026-07-29
TATASTEEL.NS,mslstm,182.6300048828125,174.298753645769,-8.331251237043489,-4.561819533646383,0,0.5,2026-07-28,2026-07-29
TATASTEEL.NS,mslstma,182.6300048828125,169.94509330811525,-12.684911574697253,-6.945688679599349,0,0.5,2026-07-28,2026-07-29
TATASTEEL.NS,ensemble,182.6300048828125,184.33079940276545,1.7007945199529502,0.931278801117208,1,0.37415909731670816,2026-07-28,2026-07-29
TCS.NS,baseline,2398.0,2430.6447308299867,32.644730829986656,1.3613315608835164,1,0.5,2026-07-28,2026-07-29
TCS.NS,mslstm,2398.0,2412.9352769400793,14.935276940079348,0.6228222243569448,1,0.5,2026-07-28,2026-07-29
TCS.NS,mslstma,2398.0,2582.4703299536486,184.47032995364862,7.692674309993697,1,0.5,2026-07-28,2026-07-29
TCS.NS,ensemble,2398.0,2444.968018266256,46.96801826625597,1.9586329552233606,1,0.4327380377374046,2026-07-28,2026-07-29
TECHM.NS,baseline,1635.199951171875,1568.3035322327921,-66.89641893908288,-4.091023785264991,0,0.5,2026-07-28,2026-07-29
TECHM.NS,mslstm,1635.199951171875,1569.9569941153165,-65.24295705655845,-3.9899069841459855,0,0.5,2026-07-28,2026-07-29
TECHM.NS,mslstma,1635.199951171875,1589.4222025496126,-45.77774862226238,-2.7995199357396916,0,0.5,2026-07-28,2026-07-29
TECHM.NS,ensemble,1635.199951171875,1614.9156370634182,-20.284314108456783,-1.2404791288013417,0,0.22696090383027312,2026-07-28,2026-07-29
ULTRACEMCO.NS,baseline,11956.0,11585.856680213474,-370.14331978652626,-3.0958792220351805,0,0.5,2026-07-28,2026-07-29
ULTRACEMCO.NS,mslstm,11956.0,11746.300768432498,-209.69923156750156,-1.7539246534585273,0,0.5,2026-07-28,2026-07-29
ULTRACEMCO.NS,mslstma,11956.0,11610.189399821975,-345.8106001780252,-2.892360322666654,0,0.5,2026-07-28,2026-07-29
ULTRACEMCO.NS,ensemble,11956.0,12032.06630987006,76.06630987006065,0.6362187175481759,1,0.329355571838974,2026-07-28,2026-07-29
VEDL.NS,baseline,259.3500061035156,245.83257634269913,-13.517429760816498,-5.212041427684111,0,0.5,2026-07-28,2026-07-29
VEDL.NS,mslstm,259.3500061035156,269.7136564738819,10.363650370366258,3.996009302667902,1,0.5,2026-07-28,2026-07-29
VEDL.NS,mslstma,259.3500061035156,275.2368497269058,15.886843623390178,6.125638422791924,1,0.5,2026-07-28,2026-07-29
VEDL.NS,ensemble,259.3500061035156,251.89946127387424,-7.450544829641387,-2.8727760379028577,0,0.5598229373204326,2026-07-28,2026-07-29
WIPRO.NS,baseline,181.1199951171875,189.6789025632197,8.558907446032208,4.725545316238811,1,0.5,2026-07-28,2026-07-29
WIPRO.NS,mslstm,181.1199951171875,185.98705910183025,4.867063984642755,2.687204127569509,1,0.5,2026-07-28,2026-07-29
WIPRO.NS,mslstma,181.1199951171875,186.01827805532412,4.898282938136617,2.704440741049785,1,0.5,2026-07-28,2026-07-29
WIPRO.NS,ensemble,181.1199951171875,182.3777193736127,1.257724256425206,0.6944149129484156,1,0.3540490360605939,2026-07-28,2026-07-29
